CardType,Rarity,ServantName,Class,Avail,Diff,Time
Servant,3,Mandricardo,Rider,Normal,15215.73097,2021.08.13_15.36.47.859
CE,3,,,,,2021.08.13_15.36.47.859
CE,4,,,,,2021.08.13_15.36.47.859
CE,5,,,,,2021.08.13_15.36.47.859
Servant,3,CuLancer,Lancer,Normal,13873.32681,2021.08.13_15.36.47.859
Servant,3,Touda,Archer,Normal,13189.15348,2021.08.13_15.36.47.859
Servant,3,Fergus,Saber,Normal,14119.47121,2021.08.13_15.36.47.859
CE,3,,,,,2021.08.13_15.36.47.859
CE,3,,,,,2021.08.13_15.36.47.859
Servant,3,Robinhood,Archer,Normal,14339.17551,2021.08.13_15.36.47.859
CE,3,,,,,2021.08.13_15.36.47.859
Servant,3,Medusa,Rider,Normal,14363.29686,2021.08.13_15.37.52.391
CE,5,,,,,2021.08.13_15.37.52.391
Servant,3,GillesSaber,Saber,Normal,14355.44778,2021.08.13_15.37.52.391
Servant,3,Darius,Berserker,Normal,15176.78372,2021.08.13_15.37.52.391
CE,4,,,,,2021.08.13_15.37.52.391
CE,3,,,,,2021.08.13_15.37.52.391
CE,4,,,,,2021.08.13_15.37.52.391
Servant,3,Boudica,Rider,Normal,16657.00473,2021.08.13_15.37.52.391
Servant,4,Eliz,Lancer,Normal,14116.22937,2021.08.13_15.37.52.391
CE,4,,,,,2021.08.13_15.37.52.391
CE,3,,,,,2021.08.13_15.37.52.391
CE,3,,,,,2021.08.13_15.38.41.276
Servant,3,HundredFaces,Assassin,Normal,13238.33449,2021.08.13_15.38.41.276
CE,4,,,,,2021.08.13_15.38.41.276
Servant,3,Boudica,Rider,Normal,15458.07908,2021.08.13_15.38.41.276
CE,4,,,,,2021.08.13_15.38.41.276
Servant,4,Rama,Saber,Normal,13617.12145,2021.08.13_15.38.41.276
CE,3,,,,,2021.08.13_15.38.41.276
CE,4,,,,,2021.08.13_15.38.41.276
Servant,3,Babbage,Caster,Normal,13266.40599,2021.08.13_15.38.41.276
CE,4,,,,,2021.08.13_15.38.41.276
CE,3,,,,,2021.08.13_15.38.41.276
CE,4,,,,,2021.08.13_15.39.12.897
Servant,3,HundredFaces,Assassin,Normal,13259.37913,2021.08.13_15.39.12.897
CE,3,,,,,2021.08.13_15.39.12.897
CE,3,,,,,2021.08.13_15.39.12.897
CE,3,,,,,2021.08.13_15.39.12.897
CE,3,,,,,2021.08.13_15.39.12.897
CE,3,,,,,2021.08.13_15.39.12.897
CE,4,,,,,2021.08.13_15.39.12.897
CE,4,,,,,2021.08.13_15.39.12.897
CE,3,,,,,2021.08.13_15.39.12.897
Servant,3,Babbage,Caster,Normal,12782.71309,2021.08.13_15.39.12.897
CE,5,,,,,2021.08.13_15.40.04.924
CE,3,,,,,2021.08.13_15.40.04.924
CE,3,,,,,2021.08.13_15.40.04.924
Servant,3,Boudica,Rider,Normal,15469.10174,2021.08.13_15.40.04.924
Servant,4,Astolfo,Rider,Normal,13546.03498,2021.08.13_15.40.04.924
CE,3,,,,,2021.08.13_15.40.04.924
CE,5,,,,,2021.08.13_15.40.04.924
Servant,3,Avicebron,Caster,Normal,17297.09019,2021.08.13_15.40.04.924
CE,3,,,,,2021.08.13_15.40.04.924
CE,3,,,,,2021.08.13_15.40.04.924
Servant,3,Medusa,Rider,Normal,14320.68565,2021.08.13_15.40.04.924
Servant,3,CuProto,Lancer,Normal,13323.53043,2021.08.13_15.40.36.642
CE,4,,,,,2021.08.13_15.40.36.642
Servant,4,Ibaraki,Berserker,Normal,15253.43556,2021.08.13_15.40.36.642
CE,3,,,,,2021.08.13_15.40.36.642
Servant,3,Boudica,Rider,Normal,14342.59807,2021.08.13_15.40.36.642
Servant,3,Romulus,Lancer,Normal,14168.12966,2021.08.13_15.40.36.642
CE,4,,,,,2021.08.13_15.40.36.642
Servant,3,Inshun,Lancer,Normal,14501.21362,2021.08.13_15.40.36.642
Servant,3,Touda,Archer,Normal,15033.34449,2021.08.13_15.40.36.642
Servant,3,Serenity,Assassin,Normal,13486.30179,2021.08.13_15.40.36.642
CE,3,,,,,2021.08.13_15.40.36.642
Servant,3,Lubu,Berserker,Normal,13518.84251,2021.08.13_15.41.09.062
CE,5,,,,,2021.08.13_15.41.09.062
CE,4,,,,,2021.08.13_15.41.09.062
CE,3,,,,,2021.08.13_15.41.09.062
CE,3,,,,,2021.08.13_15.41.09.062
CE,4,,,,,2021.08.13_15.41.09.062
Servant,3,Hector,Lancer,Normal,13390.18754,2021.08.13_15.41.09.062
CE,3,,,,,2021.08.13_15.41.09.062
Servant,3,Hector,Lancer,Normal,13840.18449,2021.08.13_15.41.09.062
CE,4,,,,,2021.08.13_15.41.09.062
CE,3,,,,,2021.08.13_15.41.09.062
CE,3,,,,,2021.08.13_15.41.27.959
Servant,3,Boudica,Rider,Normal,15281.987,2021.08.13_15.41.27.959
Servant,3,Hector,Lancer,Normal,13146.36159,2021.08.13_15.41.27.959
Servant,3,Kiyohime,Berserker,Normal,13498.18754,2021.08.13_15.41.27.959
CE,4,,,,,2021.08.13_15.41.27.959
CE,4,,,,,2021.08.13_15.41.27.959
Servant,3,HundredFaces,Assassin,Normal,13251.47937,2021.08.13_15.41.27.959
CE,4,,,,,2021.08.13_15.41.27.959
Servant,3,CuProto,Lancer,Normal,13545.76242,2021.08.13_15.41.27.959
Servant,3,Jekyll,Assassin,Normal,15405.94932,2021.08.13_15.41.27.959
Servant,3,Paracelsus,Caster,Normal,15272.25609,2021.08.13_15.41.27.959
CE,3,,,,,2021.08.13_15.42.01.891
CE,3,,,,,2021.08.13_15.42.01.891
CE,4,,,,,2021.08.13_15.42.01.891
Servant,3,CuProto,Lancer,Normal,12978.26638,2021.08.13_15.42.01.891
CE,3,,,,,2021.08.13_15.42.01.891
Servant,3,CuProto,Lancer,Normal,11809.83135,2021.08.13_15.42.01.891
Servant,4,Tomoe,Archer,Normal,14881.52048,2021.08.13_15.42.01.891
Servant,3,Avicebron,Caster,Normal,17271.44014,2021.08.13_15.42.01.891
CE,3,,,,,2021.08.13_15.42.01.891
CE,5,,,,,2021.08.13_15.42.01.891
CE,3,,,,,2021.08.13_15.42.01.891
Servant,3,Touda,Archer,Normal,14659.89734,2021.08.13_15.42.34.008
Servant,3,Darius,Berserker,Normal,15221.70024,2021.08.13_15.42.34.008
CE,3,,,,,2021.08.13_15.42.34.008
CE,3,,,,,2021.08.13_15.42.34.008
CE,4,,,,,2021.08.13_15.42.34.008
Servant,3,Medea,Caster,Normal,12686.26802,2021.08.13_15.42.34.008
Servant,3,Avicebron,Caster,Normal,16489.09826,2021.08.13_15.42.34.008
Servant,5,Koyanskaya,Assassin,Limited,16226.69517,2021.08.13_15.42.34.008
Servant,3,Boudica,Rider,Normal,16271.16609,2021.08.13_15.42.34.008
Servant,3,CuProto,Lancer,Normal,13918.86734,2021.08.13_15.42.34.008
CE,3,,,,,2021.08.13_15.42.34.008
CE,4,,,,,2021.08.13_15.43.24.292
CE,4,,,,,2021.08.13_15.43.24.292
Servant,3,Mandricardo,Rider,Normal,15092.88019,2021.08.13_15.43.24.292
Servant,3,Geronimo,Caster,Normal,13116.84304,2021.08.13_15.43.24.292
Servant,3,CuProto,Lancer,Normal,12137.26783,2021.08.13_15.43.24.292
CE,3,,,,,2021.08.13_15.43.24.292
CE,3,,,,,2021.08.13_15.43.24.292
CE,4,,,,,2021.08.13_15.43.24.292
Servant,3,David,Archer,Normal,14571.8572,2021.08.13_15.43.24.292
Servant,3,Lubu,Berserker,Normal,14236.0157,2021.08.13_15.43.24.292
CE,5,,,,,2021.08.13_15.43.24.292
Servant,3,HundredFaces,Assassin,Normal,13580.04309,2021.08.13_15.43.45.158
Servant,3,Euryale,Archer,Normal,17778.47947,2021.08.13_15.43.45.158
CE,4,,,,,2021.08.13_15.43.45.158
Servant,3,Kotarou,Assassin,Normal,13047.51068,2021.08.13_15.43.45.158
Servant,3,Diarmuid,Lancer,Normal,14170.82903,2021.08.13_15.43.45.158
CE,3,,,,,2021.08.13_15.43.45.158
Servant,3,Medusa,Rider,Normal,14350.60082,2021.08.13_15.43.45.158
Servant,3,Hector,Lancer,Normal,14120.27082,2021.08.13_15.43.45.158
CE,3,,,,,2021.08.13_15.43.45.158
CE,4,,,,,2021.08.13_15.43.45.158
CE,3,,,,,2021.08.13_15.43.45.158
CE,3,,,,,2021.08.13_15.44.16.642
Servant,3,Avicebron,Caster,Normal,16096.87812,2021.08.13_15.44.16.642
CE,3,,,,,2021.08.13_15.44.16.642
CE,3,,,,,2021.08.13_15.44.16.642
Servant,3,CuProto,Lancer,Normal,12046.88652,2021.08.13_15.44.16.642
CE,3,,,,,2021.08.13_15.44.16.642
CE,3,,,,,2021.08.13_15.44.16.642
Servant,4,Heracles,Berserker,Normal,14124.0856,2021.08.13_15.44.16.642
Servant,3,Fergus,Saber,Normal,14642.66329,2021.08.13_15.44.16.642
Servant,3,Kotarou,Assassin,Normal,14142.50836,2021.08.13_15.44.16.642
CE,3,,,,,2021.08.13_15.44.16.642
CE,4,,,,,2021.08.13_15.45.24.859
Servant,3,Darius,Berserker,Normal,15085.33522,2021.08.13_15.45.24.859
CE,3,,,,,2021.08.13_15.45.24.859
CE,5,,,,,2021.08.13_15.45.24.859
Servant,3,CuProto,Lancer,Normal,12217.46459,2021.08.13_15.45.24.859
CE,3,,,,,2021.08.13_15.45.24.859
CE,4,,,,,2021.08.13_15.45.24.859
Servant,3,Inshun,Lancer,Normal,14515.72039,2021.08.13_15.45.24.859
CE,3,,,,,2021.08.13_15.45.24.859
Servant,3,Serenity,Assassin,Normal,13454.33251,2021.08.13_15.45.24.859
Servant,3,Hector,Lancer,Normal,13303.33435,2021.08.13_15.45.24.859
Servant,3,Kotarou,Assassin,Normal,13364.07671,2021.08.13_15.45.39.576
CE,3,,,,,2021.08.13_15.45.39.576
Servant,3,HundredFaces,Assassin,Normal,13638.26493,2021.08.13_15.45.39.576
CE,3,,,,,2021.08.13_15.45.39.576
Servant,3,GillesSaber,Saber,Normal,13335.13449,2021.08.13_15.45.39.576
CE,3,,,,,2021.08.13_15.45.39.576
CE,4,,,,,2021.08.13_15.45.39.576
CE,4,,,,,2021.08.13_15.45.39.576
Servant,3,Diarmuid,Lancer,Normal,14730.09884,2021.08.13_15.45.39.576
Servant,3,Diarmuid,Lancer,Normal,14971.77058,2021.08.13_15.45.39.576
CE,3,,,,,2021.08.13_15.45.39.576
CE,3,,,,,2021.08.13_15.45.53.359
Servant,4,Emiya,Archer,Normal,12037.6958,2021.08.13_15.45.53.359
CE,3,,,,,2021.08.13_15.45.53.359
Servant,3,Lubu,Berserker,Normal,13498.59531,2021.08.13_15.45.53.359
CE,3,,,,,2021.08.13_15.45.53.359
Servant,3,David,Archer,Normal,13003.70768,2021.08.13_15.45.53.359
CE,4,,,,,2021.08.13_15.45.53.359
CE,3,,,,,2021.08.13_15.45.53.359
Servant,3,Mandricardo,Rider,Normal,15701.75367,2021.08.13_15.45.53.359
Servant,3,Diarmuid,Lancer,Normal,14965.07662,2021.08.13_15.45.53.359
Servant,3,Babbage,Caster,Normal,12691.91729,2021.08.13_15.45.53.359
CE,3,,,,,2021.08.13_15.46.06.741
Servant,3,GillesSaber,Saber,Normal,14478.17614,2021.08.13_15.46.06.741
Servant,3,Robinhood,Archer,Normal,13577.39082,2021.08.13_15.46.06.741
Servant,3,Geronimo,Caster,Normal,13160.06729,2021.08.13_15.46.06.741
CE,3,,,,,2021.08.13_15.46.06.741
CE,3,,,,,2021.08.13_15.46.06.741
Servant,3,Ushiwakamaru,Rider,Normal,14815.44101,2021.08.13_15.46.06.741
CE,4,,,,,2021.08.13_15.46.06.741
Servant,3,Jingke,Assassin,Normal,15967.22816,2021.08.13_15.46.06.741
Servant,3,Babbage,Caster,Normal,13444.09812,2021.08.13_15.46.06.741
CE,4,,,,,2021.08.13_15.46.06.741
Servant,3,Paracelsus,Caster,Normal,15313.71304,2021.08.13_15.46.35.442
CE,3,,,,,2021.08.13_15.46.35.442
CE,3,,,,,2021.08.13_15.46.35.442
CE,4,,,,,2021.08.13_15.46.35.442
CE,3,,,,,2021.08.13_15.46.35.442
Servant,4,YanQing,Assassin,Normal,15420.58541,2021.08.13_15.46.35.442
CE,4,,,,,2021.08.13_15.46.35.442
Servant,5,Koyanskaya,Assassin,Limited,15298.17894,2021.08.13_15.46.35.442
Servant,3,Medusa,Rider,Normal,14448.7229,2021.08.13_15.46.35.442
CE,4,,,,,2021.08.13_15.46.35.442
Servant,3,GillesSaber,Saber,Normal,15134.96541,2021.08.13_15.46.35.442
CE,4,,,,,2021.08.13_15.47.16.059
CE,3,,,,,2021.08.13_15.47.16.059
Servant,3,Robinhood,Archer,Normal,13496.1699,2021.08.13_15.47.16.059
CE,3,,,,,2021.08.13_15.47.16.059
CE,3,,,,,2021.08.13_15.47.16.059
CE,3,,,,,2021.08.13_15.47.16.059
Servant,3,Babbage,Caster,Normal,12570.79758,2021.08.13_15.47.16.059
Servant,3,Kotarou,Assassin,Normal,14117.58802,2021.08.13_15.47.16.059
CE,3,,,,,2021.08.13_15.47.16.059
Servant,3,Caesar,Saber,Normal,17243.4129,2021.08.13_15.47.16.059
Servant,3,Romulus,Lancer,Normal,14297.53744,2021.08.13_15.47.16.059
Servant,3,Alexander,Rider,Normal,14481.29918,2021.08.13_15.47.49.375
Servant,3,David,Archer,Normal,14178.04082,2021.08.13_15.47.49.375
Servant,3,CuLancer,Lancer,Normal,14998.85657,2021.08.13_15.47.49.375
Servant,3,Babbage,Caster,Normal,12679.35879,2021.08.13_15.47.49.375
CE,5,,,,,2021.08.13_15.47.49.375
Servant,3,Touda,Archer,Normal,12997.09488,2021.08.13_15.47.49.375
CE,3,,,,,2021.08.13_15.47.49.375
Servant,3,Medea,Caster,Normal,14823.22763,2021.08.13_15.47.49.375
Servant,3,David,Archer,Normal,14635.45367,2021.08.13_15.47.49.375
CE,3,,,,,2021.08.13_15.47.49.375
CE,4,,,,,2021.08.13_15.47.49.375
Servant,3,CuProto,Lancer,Normal,13299.18657,2021.08.13_15.48.39.510
CE,4,,,,,2021.08.13_15.48.39.510
CE,3,,,,,2021.08.13_15.48.39.510
Servant,4,WuZetian,Assassin,Normal,14013.37744,2021.08.13_15.48.39.510
CE,3,,,,,2021.08.13_15.48.39.510
CE,5,,,,,2021.08.13_15.48.39.510
Servant,4,HessianLobo,Avenger,Normal,17556.96324,2021.08.13_15.48.39.510
CE,4,,,,,2021.08.13_15.48.39.510
CE,3,,,,,2021.08.13_15.48.39.510
Servant,3,Kotarou,Assassin,Normal,14097.12981,2021.08.13_15.48.39.510
Servant,3,Babbage,Caster,Normal,12673.15894,2021.08.13_15.48.39.510
CE,3,,,,,2021.08.13_15.49.14.642
Servant,3,Hector,Lancer,Normal,13087.33512,2021.08.13_15.49.14.642
CE,3,,,,,2021.08.13_15.49.14.642
CE,3,,,,,2021.08.13_15.49.14.642
CE,4,,,,,2021.08.13_15.49.14.642
Servant,3,BillyTheKid,Archer,Normal,12956.58903,2021.08.13_15.49.14.642
Servant,3,Jekyll,Assassin,Normal,14474.38077,2021.08.13_15.49.14.642
CE,4,,,,,2021.08.13_15.49.14.642
Servant,3,Caesar,Saber,Normal,16638.86329,2021.08.13_15.49.14.642
Servant,4,Suzuka,Saber,Normal,16025.21836,2021.08.13_15.49.14.642
CE,3,,,,,2021.08.13_15.49.14.642
CE,5,,,,,2021.08.13_15.49.37.208
Servant,3,David,Archer,Normal,14161.19415,2021.08.13_15.49.37.208
CE,3,,,,,2021.08.13_15.49.37.208
CE,3,,,,,2021.08.13_15.49.37.208
CE,4,,,,,2021.08.13_15.49.37.208
CE,4,,,,,2021.08.13_15.49.37.208
CE,3,,,,,2021.08.13_15.49.37.208
Servant,3,Ushiwakamaru,Rider,Normal,15616.38546,2021.08.13_15.49.37.208
CE,3,,,,,2021.08.13_15.49.37.208
CE,3,,,,,2021.08.13_15.49.37.208
Servant,4,Atalanta,Archer,Normal,16168.14971,2021.08.13_15.49.37.208
CE,3,,,,,2021.08.13_15.50.08.276
Servant,3,Fergus,Saber,Normal,13680.52034,2021.08.13_15.50.08.276
Servant,3,David,Archer,Normal,14005.79676,2021.08.13_15.50.08.276
Servant,3,HundredFaces,Assassin,Normal,13424.25971,2021.08.13_15.50.08.276
CE,3,,,,,2021.08.13_15.50.08.276
CE,4,,,,,2021.08.13_15.50.08.276
Servant,3,Touda,Archer,Normal,14496.11174,2021.08.13_15.50.08.276
CE,5,,,,,2021.08.13_15.50.08.276
CE,3,,,,,2021.08.13_15.50.08.276
CE,4,,,,,2021.08.13_15.50.08.276
Servant,4,Circe,Caster,Normal,15739.77879,2021.08.13_15.50.08.276
CE,4,,,,,2021.08.13_15.50.37.161
Servant,3,Paracelsus,Caster,Normal,15275.57599,2021.08.13_15.50.37.161
Servant,4,WuZetian,Assassin,Normal,13616.13792,2021.08.13_15.50.37.161
Servant,3,CuLancer,Lancer,Normal,14895.71111,2021.08.13_15.50.37.161
Servant,3,Darius,Berserker,Normal,14230.17792,2021.08.13_15.50.37.161
Servant,3,Hector,Lancer,Normal,12141.0586,2021.08.13_15.50.37.161
Servant,3,Kotarou,Assassin,Normal,13215.71353,2021.08.13_15.50.37.161
CE,4,,,,,2021.08.13_15.50.37.161
Servant,3,Darius,Berserker,Normal,16205.30159,2021.08.13_15.50.37.161
Servant,3,Boudica,Rider,Normal,16619.85184,2021.08.13_15.50.37.161
Servant,3,KidGil,Archer,Normal,13109.57,2021.08.13_15.50.37.161
Servant,3,Medea,Caster,Normal,13864.59734,2021.08.13_15.50.51.842
CE,3,,,,,2021.08.13_15.50.51.842
Servant,3,Babbage,Caster,Normal,12719.05092,2021.08.13_15.50.51.842
CE,3,,,,,2021.08.13_15.50.51.842
Servant,3,Darius,Berserker,Normal,14306.37275,2021.08.13_15.50.51.842
CE,5,,,,,2021.08.13_15.50.51.842
CE,3,,,,,2021.08.13_15.50.51.842
CE,3,,,,,2021.08.13_15.50.51.842
CE,3,,,,,2021.08.13_15.50.51.842
CE,4,,,,,2021.08.13_15.50.51.842
CE,3,,,,,2021.08.13_15.50.51.842
CE,4,,,,,2021.08.13_15.51.02.726
CE,3,,,,,2021.08.13_15.51.02.726
Servant,3,Euryale,Archer,Normal,17546.76488,2021.08.13_15.51.02.726
Servant,3,Touda,Archer,Normal,14381.05957,2021.08.13_15.51.02.726
CE,4,,,,,2021.08.13_15.51.02.726
CE,3,,,,,2021.08.13_15.51.02.726
CE,3,,,,,2021.08.13_15.51.02.726
CE,3,,,,,2021.08.13_15.51.02.726
Servant,3,Jekyll,Assassin,Normal,15089.42126,2021.08.13_15.51.02.726
CE,4,,,,,2021.08.13_15.51.02.726
CE,3,,,,,2021.08.13_15.51.02.726
Servant,3,Caesar,Saber,Normal,16008.35266,2021.08.13_15.51.22.309
CE,4,,,,,2021.08.13_15.51.22.309
Servant,3,Euryale,Archer,Normal,17611.22961,2021.08.13_15.51.22.309
CE,4,,,,,2021.08.13_15.51.22.309
Servant,3,Diarmuid,Lancer,Normal,12959.22812,2021.08.13_15.51.22.309
CE,3,,,,,2021.08.13_15.51.22.309
CE,3,,,,,2021.08.13_15.51.22.309
CE,3,,,,,2021.08.13_15.51.22.309
CE,4,,,,,2021.08.13_15.51.22.309
CE,3,,,,,2021.08.13_15.51.22.309
Servant,3,Euryale,Archer,Normal,17066.233,2021.08.13_15.51.22.309
CE,3,,,,,2021.08.13_15.51.35.593
Servant,3,Ushiwakamaru,Rider,Normal,14323.41459,2021.08.13_15.51.35.593
CE,4,,,,,2021.08.13_15.51.35.593
CE,4,,,,,2021.08.13_15.51.35.593
Servant,3,Paracelsus,Caster,Normal,13695.67208,2021.08.13_15.51.35.593
CE,3,,,,,2021.08.13_15.51.35.593
Servant,3,Diarmuid,Lancer,Normal,14582.89966,2021.08.13_15.51.35.593
CE,3,,,,,2021.08.13_15.51.35.593
CE,3,,,,,2021.08.13_15.51.35.593
Servant,3,HundredFaces,Assassin,Normal,14272.60899,2021.08.13_15.51.35.593
CE,5,,,,,2021.08.13_15.51.35.593
Servant,3,Medea,Caster,Normal,13841.99874,2021.08.13_15.51.51.225
CE,3,,,,,2021.08.13_15.51.51.225
Servant,3,Boudica,Rider,Normal,15405.4029,2021.08.13_15.51.51.225
CE,5,,,,,2021.08.13_15.51.51.225
CE,3,,,,,2021.08.13_15.51.51.225
CE,4,,,,,2021.08.13_15.51.51.225
CE,3,,,,,2021.08.13_15.51.51.225
Servant,3,CuLancer,Lancer,Normal,16244.52729,2021.08.13_15.51.51.225
CE,4,,,,,2021.08.13_15.51.51.225
Servant,3,Jingke,Assassin,Normal,16293.02386,2021.08.13_15.51.51.225
CE,3,,,,,2021.08.13_15.51.51.225
Servant,3,Boudica,Rider,Normal,15545.99667,2021.08.13_15.52.09.108
CE,3,,,,,2021.08.13_15.52.09.108
CE,3,,,,,2021.08.13_15.52.09.108
Servant,3,Kiyohime,Berserker,Normal,13390.78932,2021.08.13_15.52.09.108
Servant,3,Romulus,Lancer,Normal,12791.99242,2021.08.13_15.52.09.108
CE,4,,,,,2021.08.13_15.52.09.108
CE,3,,,,,2021.08.13_15.52.09.108
Servant,3,Serenity,Assassin,Normal,13486.45671,2021.08.13_15.52.09.108
CE,4,,,,,2021.08.13_15.52.09.108
CE,4,,,,,2021.08.13_15.52.09.108
CE,3,,,,,2021.08.13_15.52.09.108
Servant,3,Geronimo,Caster,Normal,13093.15444,2021.08.13_15.52.35.708
CE,4,,,,,2021.08.13_15.52.35.708
Servant,3,Inshun,Lancer,Normal,13687.17285,2021.08.13_15.52.35.708
CE,4,,,,,2021.08.13_15.52.35.708
Servant,3,Lubu,Berserker,Normal,12406.45918,2021.08.13_15.52.35.708
Servant,3,Boudica,Rider,Normal,14328.56184,2021.08.13_15.52.35.708
CE,3,,,,,2021.08.13_15.52.35.708
Servant,3,Lubu,Berserker,Normal,14236.32338,2021.08.13_15.52.35.708
CE,3,,,,,2021.08.13_15.52.35.708
Servant,4,Nitocris,Caster,Normal,14300.92556,2021.08.13_15.52.35.708
Servant,5,Koyanskaya,Assassin,Limited,15002.92406,2021.08.13_15.52.35.708
Servant,3,Darius,Berserker,Normal,15264.47812,2021.08.13_15.52.48.509
Servant,3,Mephistopheles,Caster,Normal,13543.01406,2021.08.13_15.52.48.509
Servant,3,Alexander,Rider,Normal,13886.36493,2021.08.13_15.52.48.509
Servant,3,Fergus,Saber,Normal,13532.92121,2021.08.13_15.52.48.509
Servant,3,Euryale,Archer,Normal,15730.00884,2021.08.13_15.52.48.509
Servant,3,Hector,Lancer,Normal,12080.74232,2021.08.13_15.52.48.509
Servant,5,Koyanskaya,Assassin,Limited,15229.59063,2021.08.13_15.52.48.509
CE,5,,,,,2021.08.13_15.52.48.509
Servant,3,Paracelsus,Caster,Normal,15509.76213,2021.08.13_15.52.48.509
CE,4,,,,,2021.08.13_15.52.48.509
CE,3,,,,,2021.08.13_15.52.48.509
CE,3,,,,,2021.08.13_15.53.11.964
CE,3,,,,,2021.08.13_15.53.11.964
Servant,3,Mephistopheles,Caster,Normal,13810.75261,2021.08.13_15.53.11.964
CE,4,,,,,2021.08.13_15.53.11.964
CE,4,,,,,2021.08.13_15.53.11.964
CE,4,,,,,2021.08.13_15.53.11.964
CE,3,,,,,2021.08.13_15.53.11.964
CE,4,,,,,2021.08.13_15.53.11.964
Servant,5,Koyanskaya,Assassin,Limited,14950.79957,2021.08.13_15.53.11.964
Servant,3,Jekyll,Assassin,Normal,15405.653,2021.08.13_15.53.11.964
CE,4,,,,,2021.08.13_15.53.11.964
Servant,3,Jingke,Assassin,Normal,15470.54382,2021.08.13_15.54.01.207
CE,4,,,,,2021.08.13_15.54.01.207
CE,3,,,,,2021.08.13_15.54.01.207
CE,4,,,,,2021.08.13_15.54.01.207
Servant,3,Lubu,Berserker,Normal,12529.82589,2021.08.13_15.54.01.207
Servant,3,Geronimo,Caster,Normal,12130.21184,2021.08.13_15.54.01.207
CE,3,,,,,2021.08.13_15.54.01.207
CE,4,,,,,2021.08.13_15.54.01.207
CE,4,,,,,2021.08.13_15.54.01.207
CE,5,,,,,2021.08.13_15.54.01.207
Servant,3,Kiyohime,Berserker,Normal,13653.88705,2021.08.13_15.54.01.207
Servant,3,Medusa,Rider,Normal,14413.40304,2021.08.13_15.54.25.592
Servant,3,Caesar,Saber,Normal,15786.14879,2021.08.13_15.54.25.592
CE,4,,,,,2021.08.13_15.54.25.592
Servant,4,Stheno,Assassin,Normal,16503.64618,2021.08.13_15.54.25.592
CE,3,,,,,2021.08.13_15.54.25.592
Servant,3,Euryale,Archer,Normal,16182.73807,2021.08.13_15.54.25.592
CE,3,,,,,2021.08.13_15.54.25.592
CE,4,,,,,2021.08.13_15.54.25.592
CE,3,,,,,2021.08.13_15.54.25.592
Servant,3,Babbage,Caster,Normal,13494.06155,2021.08.13_15.54.25.592
Servant,3,Romulus,Lancer,Normal,14318.36135,2021.08.13_15.54.25.592
CE,4,,,,,2021.08.13_15.54.57.975
CE,3,,,,,2021.08.13_15.54.57.975
CE,3,,,,,2021.08.13_15.54.57.975
Servant,3,Fergus,Saber,Normal,13489.45981,2021.08.13_15.54.57.975
CE,4,,,,,2021.08.13_15.54.57.975
CE,3,,,,,2021.08.13_15.54.57.975
CE,3,,,,,2021.08.13_15.54.57.975
Servant,3,HundredFaces,Assassin,Normal,14412.31541,2021.08.13_15.54.57.975
CE,4,,,,,2021.08.13_15.54.57.975
Servant,3,Caesar,Saber,Normal,17076.56522,2021.08.13_15.54.57.975
CE,4,,,,,2021.08.13_15.54.57.975
CE,4,,,,,2021.08.13_15.55.38.143
Servant,3,Mandricardo,Rider,Normal,15068.70377,2021.08.13_15.55.38.143
CE,3,,,,,2021.08.13_15.55.38.143
CE,5,,,,,2021.08.13_15.55.38.143
Servant,3,BillyTheKid,Archer,Normal,11716.54643,2021.08.13_15.55.38.143
CE,3,,,,,2021.08.13_15.55.38.143
Servant,3,Ushiwakamaru,Rider,Normal,14875.29778,2021.08.13_15.55.38.143
Servant,4,Penthesilea,Berserker,Normal,15566.08266,2021.08.13_15.55.38.143
CE,3,,,,,2021.08.13_15.55.38.143
CE,4,,,,,2021.08.13_15.55.38.143
Servant,3,WilliamTell,Archer,Normal,15255.29826,2021.08.13_15.55.38.143
CE,5,,,,,2021.08.13_15.56.10.392
CE,4,,,,,2021.08.13_15.56.10.392
Servant,3,Robinhood,Archer,Normal,13495.70899,2021.08.13_15.56.10.392
Servant,3,Geronimo,Caster,Normal,13199.85623,2021.08.13_15.56.10.392
Servant,4,Valkyrie,Lancer,Normal,14571.41415,2021.08.13_15.56.10.392
CE,4,,,,,2021.08.13_15.56.10.392
CE,4,,,,,2021.08.13_15.56.10.392
Servant,3,Mephistopheles,Caster,Normal,14707.2185,2021.08.13_15.56.10.392
CE,3,,,,,2021.08.13_15.56.10.392
Servant,3,CuLancer,Lancer,Normal,16092.08908,2021.08.13_15.56.10.392
CE,4,,,,,2021.08.13_15.56.10.392
CE,3,,,,,2021.08.13_15.56.37.175
CE,5,,,,,2021.08.13_15.56.37.175
Servant,3,Ushiwakamaru,Rider,Normal,14722.50889,2021.08.13_15.56.37.175
Servant,3,CuLancer,Lancer,Normal,14967.83159,2021.08.13_15.56.37.175
Servant,3,Babbage,Caster,Normal,11963.90638,2021.08.13_15.56.37.175
CE,4,,,,,2021.08.13_15.56.37.175
Servant,3,Kiyohime,Berserker,Normal,13473.83357,2021.08.13_15.56.37.175
CE,4,,,,,2021.08.13_15.56.37.175
CE,4,,,,,2021.08.13_15.56.37.175
Servant,3,Kotarou,Assassin,Normal,14068.73077,2021.08.13_15.56.37.175
Servant,4,Circe,Caster,Normal,15061.73348,2021.08.13_15.56.37.175
Servant,3,Geronimo,Caster,Normal,13136.37556,2021.08.13_15.56.53.059
CE,3,,,,,2021.08.13_15.56.53.059
Servant,3,CuProto,Lancer,Normal,13291.93623,2021.08.13_15.56.53.059
CE,3,,,,,2021.08.13_15.56.53.059
CE,3,,,,,2021.08.13_15.56.53.059
CE,4,,,,,2021.08.13_15.56.53.059
CE,3,,,,,2021.08.13_15.56.53.059
CE,3,,,,,2021.08.13_15.56.53.059
Servant,3,GillesSaber,Saber,Normal,14958.90324,2021.08.13_15.56.53.059
Servant,3,Caesar,Saber,Normal,17078.08034,2021.08.13_15.56.53.059
CE,3,,,,,2021.08.13_15.56.53.059
CE,3,,,,,2021.08.13_15.57.06.292
CE,3,,,,,2021.08.13_15.57.06.292
Servant,3,CuLancer,Lancer,Normal,15086.33889,2021.08.13_15.57.06.292
CE,3,,,,,2021.08.13_15.57.06.292
CE,4,,,,,2021.08.13_15.57.06.292
CE,3,,,,,2021.08.13_15.57.06.292
CE,5,,,,,2021.08.13_15.57.06.292
CE,3,,,,,2021.08.13_15.57.06.292
Servant,3,CuLancer,Lancer,Normal,15786.12367,2021.08.13_15.57.06.292
Servant,3,Kotarou,Assassin,Normal,14065.86773,2021.08.13_15.57.06.292
Servant,3,Medusa,Rider,Normal,14299.58072,2021.08.13_15.57.06.292
CE,4,,,,,2021.08.13_15.57.20.859
Servant,5,Koyanskaya,Assassin,Limited,14305.23285,2021.08.13_15.57.20.859
CE,4,,,,,2021.08.13_15.57.20.859
CE,3,,,,,2021.08.13_15.57.20.859
CE,5,,,,,2021.08.13_15.57.20.859
Servant,3,KidGil,Archer,Normal,11918.80469,2021.08.13_15.57.20.859
Servant,3,Hector,Lancer,Normal,13354.10256,2021.08.13_15.57.20.859
CE,5,,,,,2021.08.13_15.57.20.859
Servant,3,Serenity,Assassin,Normal,13221.12411,2021.08.13_15.57.20.859
CE,3,,,,,2021.08.13_15.57.20.859
Servant,3,Inshun,Lancer,Normal,13676.68744,2021.08.13_15.57.20.859
CE,3,,,,,2021.08.13_15.57.34.107
CE,3,,,,,2021.08.13_15.57.34.107
Servant,3,GillesSaber,Saber,Normal,14476.4242,2021.08.13_15.57.34.107
CE,5,,,,,2021.08.13_15.57.34.107
Servant,3,Robinhood,Archer,Normal,12714.03536,2021.08.13_15.57.34.107
Servant,3,Caesar,Saber,Normal,14645.40671,2021.08.13_15.57.34.107
Servant,3,GillesSaber,Saber,Normal,14456.07749,2021.08.13_15.57.34.107
CE,4,,,,,2021.08.13_15.57.34.107
CE,4,,,,,2021.08.13_15.57.34.107
Servant,3,Lubu,Berserker,Normal,14233.19686,2021.08.13_15.57.34.107
Servant,3,Diarmuid,Lancer,Normal,14165.18295,2021.08.13_15.57.34.107
CE,3,,,,,2021.08.13_15.57.55.325
CE,4,,,,,2021.08.13_15.57.55.325
Servant,3,CuProto,Lancer,Normal,13224.04203,2021.08.13_15.57.55.325
Servant,3,Mephistopheles,Caster,Normal,13572.39319,2021.08.13_15.57.55.325
Servant,3,Alexander,Rider,Normal,12839.04213,2021.08.13_15.57.55.325
CE,3,,,,,2021.08.13_15.57.55.325
CE,3,,,,,2021.08.13_15.57.55.325
Servant,3,Geronimo,Caster,Normal,13706.15744,2021.08.13_15.57.55.325
Servant,3,Mandricardo,Rider,Normal,15670.81188,2021.08.13_15.57.55.325
Servant,4,Chiyome,Assassin,Normal,15741.5913,2021.08.13_15.57.55.325
CE,4,,,,,2021.08.13_15.57.55.325
Servant,3,Darius,Berserker,Normal,15142.78502,2021.08.13_15.58.36.214
CE,3,,,,,2021.08.13_15.58.36.214
CE,3,,,,,2021.08.13_15.58.36.214
Servant,3,Medea,Caster,Normal,13799.41942,2021.08.13_15.58.36.214
Servant,3,Hector,Lancer,Normal,12282.43976,2021.08.13_15.58.36.214
Servant,3,Babbage,Caster,Normal,11554.85097,2021.08.13_15.58.36.214
Servant,3,Hector,Lancer,Normal,13416.43816,2021.08.13_15.58.36.214
Servant,3,Serenity,Assassin,Normal,13455.43773,2021.08.13_15.58.36.214
CE,5,,,,,2021.08.13_15.58.36.214
Servant,3,CuLancer,Lancer,Normal,16067.52213,2021.08.13_15.58.36.214
CE,3,,,,,2021.08.13_15.58.36.214
CE,3,,,,,2021.08.13_15.58.46.576
Servant,3,Serenity,Assassin,Normal,12211.17208,2021.08.13_15.58.46.576
Servant,3,WilliamTell,Archer,Normal,15053.73353,2021.08.13_15.58.46.576
Servant,3,Hector,Lancer,Normal,13220.867,2021.08.13_15.58.46.576
CE,3,,,,,2021.08.13_15.58.46.576
CE,4,,,,,2021.08.13_15.58.46.576
Servant,3,CuLancer,Lancer,Normal,15223.16261,2021.08.13_15.58.46.576
CE,3,,,,,2021.08.13_15.58.46.576
CE,3,,,,,2021.08.13_15.58.46.576
CE,3,,,,,2021.08.13_15.58.46.576
Servant,3,Romulus,Lancer,Normal,14166.27362,2021.08.13_15.58.46.576
Servant,3,Paracelsus,Caster,Normal,15279.33053,2021.08.13_15.59.00.426
CE,3,,,,,2021.08.13_15.59.00.426
CE,4,,,,,2021.08.13_15.59.00.426
CE,3,,,,,2021.08.13_15.59.00.426
CE,4,,,,,2021.08.13_15.59.00.426
Servant,3,Jingke,Assassin,Normal,14455.53604,2021.08.13_15.59.00.426
Servant,3,CuLancer,Lancer,Normal,15193.63222,2021.08.13_15.59.00.426
Servant,3,Caesar,Saber,Normal,17195.30362,2021.08.13_15.59.00.426
Servant,3,CuProto,Lancer,Normal,13583.80135,2021.08.13_15.59.00.426
CE,4,,,,,2021.08.13_15.59.00.426
Servant,3,Kiyohime,Berserker,Normal,13644.69763,2021.08.13_15.59.00.426
Servant,3,Medusa,Rider,Normal,14381.01039,2021.08.13_15.59.23.258
Servant,3,Medea,Caster,Normal,13409.50657,2021.08.13_15.59.23.258
CE,4,,,,,2021.08.13_15.59.23.258
Servant,3,Babbage,Caster,Normal,12650.35855,2021.08.13_15.59.23.258
CE,3,,,,,2021.08.13_15.59.23.258
Servant,5,Koyanskaya,Assassin,Limited,13744.42976,2021.08.13_15.59.23.258
CE,3,,,,,2021.08.13_15.59.23.258
Servant,3,Mandricardo,Rider,Normal,16052.9801,2021.08.13_15.59.23.258
Servant,3,BillyTheKid,Archer,Normal,13167.4486,2021.08.13_15.59.23.258
CE,3,,,,,2021.08.13_15.59.23.258
CE,4,,,,,2021.08.13_15.59.23.258
CE,3,,,,,2021.08.13_15.59.43.875
Servant,3,Ushiwakamaru,Rider,Normal,14418.7442,2021.08.13_15.59.43.875
Servant,3,Boudica,Rider,Normal,15491.40227,2021.08.13_15.59.43.875
CE,3,,,,,2021.08.13_15.59.43.875
CE,3,,,,,2021.08.13_15.59.43.875
CE,3,,,,,2021.08.13_15.59.43.875
Servant,3,HundredFaces,Assassin,Normal,13196.20725,2021.08.13_15.59.43.875
CE,3,,,,,2021.08.13_15.59.43.875
CE,4,,,,,2021.08.13_15.59.43.875
CE,3,,,,,2021.08.13_15.59.43.875
Servant,3,Jingke,Assassin,Normal,15472.73865,2021.08.13_15.59.43.875
Servant,3,Medea,Caster,Normal,13871.3072,2021.08.13_16.03.11.428
CE,3,,,,,2021.08.13_16.03.11.428
CE,3,,,,,2021.08.13_16.03.11.428
CE,3,,,,,2021.08.13_16.03.11.428
Servant,3,BillyTheKid,Archer,Normal,11784.05251,2021.08.13_16.03.11.428
Servant,3,Mephistopheles,Caster,Normal,12741.13899,2021.08.13_16.03.11.428
CE,3,,,,,2021.08.13_16.03.11.428
Servant,3,Hector,Lancer,Normal,14151.69952,2021.08.13_16.03.11.428
Servant,3,Caesar,Saber,Normal,16689.23507,2021.08.13_16.03.11.428
Servant,3,BillyTheKid,Archer,Normal,13428.47937,2021.08.13_16.03.11.428
CE,4,,,,,2021.08.13_16.03.11.428
Servant,3,Serenity,Assassin,Normal,12663.43889,2021.08.13_16.03.35.092
CE,5,,,,,2021.08.13_16.03.35.092
CE,4,,,,,2021.08.13_16.03.35.092
CE,4,,,,,2021.08.13_16.03.35.092
CE,4,,,,,2021.08.13_16.03.35.092
CE,4,,,,,2021.08.13_16.03.35.092
Servant,3,Euryale,Archer,Normal,16903.58812,2021.08.13_16.03.35.092
Servant,3,Robinhood,Archer,Normal,14272.40126,2021.08.13_16.03.35.092
CE,5,,,,,2021.08.13_16.03.35.092
CE,3,,,,,2021.08.13_16.03.35.092
Servant,3,Kiyohime,Berserker,Normal,13649.70464,2021.08.13_16.03.35.092
Servant,3,Romulus,Lancer,Normal,13982.21348,2021.08.13_16.03.48.209
CE,5,,,,,2021.08.13_16.03.48.209
Servant,3,GillesSaber,Saber,Normal,14450.40135,2021.08.13_16.03.48.209
Servant,3,Inshun,Lancer,Normal,13898.11725,2021.08.13_16.03.48.209
CE,3,,,,,2021.08.13_16.03.48.209
CE,4,,,,,2021.08.13_16.03.48.209
Servant,3,Hector,Lancer,Normal,13355.93889,2021.08.13_16.03.48.209
Servant,3,Avicebron,Caster,Normal,17287.89275,2021.08.13_16.03.48.209
Servant,3,Hector,Lancer,Normal,13841.56401,2021.08.13_16.03.48.209
CE,3,,,,,2021.08.13_16.03.48.209
CE,3,,,,,2021.08.13_16.03.48.209
Servant,5,Koyanskaya,Assassin,Limited,14826.97841,2021.08.13_16.04.20.375
CE,3,,,,,2021.08.13_16.04.20.375
CE,4,,,,,2021.08.13_16.04.20.375
Servant,3,Lubu,Berserker,Normal,13539.1028,2021.08.13_16.04.20.375
Servant,3,Diarmuid,Lancer,Normal,12950.97671,2021.08.13_16.04.20.375
CE,3,,,,,2021.08.13_16.04.20.375
CE,5,,,,,2021.08.13_16.04.20.375
CE,3,,,,,2021.08.13_16.04.20.375
Servant,3,Caesar,Saber,Normal,16643.33367,2021.08.13_16.04.20.375
CE,4,,,,,2021.08.13_16.04.20.375
Servant,4,Deon,Saber,Normal,14550.37889,2021.08.13_16.04.20.375
CE,3,,,,,2021.08.13_16.04.37.692
CE,3,,,,,2021.08.13_16.04.37.692
CE,4,,,,,2021.08.13_16.04.37.692
Servant,3,Avicebron,Caster,Normal,15971.95807,2021.08.13_16.04.37.692
CE,3,,,,,2021.08.13_16.04.37.692
Servant,3,Kiyohime,Berserker,Normal,12623.67604,2021.08.13_16.04.37.692
Servant,3,Alexander,Rider,Normal,14055.99831,2021.08.13_16.04.37.692
Servant,3,Lubu,Berserker,Normal,14245.45043,2021.08.13_16.04.37.692
Servant,3,Kiyohime,Berserker,Normal,13870.29715,2021.08.13_16.04.37.692
Servant,5,Koyanskaya,Assassin,Limited,15288.82556,2021.08.13_16.04.37.692
Servant,3,Kotarou,Assassin,Normal,13693.7842,2021.08.13_16.04.37.692
Servant,3,David,Archer,Normal,14181.94918,2021.08.13_16.04.50.008
CE,4,,,,,2021.08.13_16.04.50.008
CE,5,,,,,2021.08.13_16.04.50.008
Servant,3,Avicebron,Caster,Normal,16043.27314,2021.08.13_16.04.50.008
Servant,3,Mandricardo,Rider,Normal,13964.06319,2021.08.13_16.04.50.008
Servant,3,Alexander,Rider,Normal,12658.18976,2021.08.13_16.04.50.008
Servant,3,WilliamTell,Archer,Normal,14995.437,2021.08.13_16.04.50.008
CE,3,,,,,2021.08.13_16.04.50.008
Servant,3,Fergus,Saber,Normal,14694.10382,2021.08.13_16.04.50.008
Servant,3,KidGil,Archer,Normal,13472.8072,2021.08.13_16.04.50.008
CE,4,,,,,2021.08.13_16.04.50.008
Servant,3,Touda,Archer,Normal,14695.19198,2021.08.13_16.05.25.626
CE,3,,,,,2021.08.13_16.05.25.626
Servant,3,Hector,Lancer,Normal,13038.86845,2021.08.13_16.05.25.626
Servant,3,Touda,Archer,Normal,14342.0344,2021.08.13_16.05.25.626
CE,3,,,,,2021.08.13_16.05.25.626
CE,3,,,,,2021.08.13_16.05.25.626
CE,4,,,,,2021.08.13_16.05.25.626
CE,4,,,,,2021.08.13_16.05.25.626
Servant,3,Geronimo,Caster,Normal,13454.11903,2021.08.13_16.05.25.626
CE,3,,,,,2021.08.13_16.05.25.626
CE,3,,,,,2021.08.13_16.05.25.626
Servant,3,CuProto,Lancer,Normal,13331.35923,2021.08.13_16.05.35.526
CE,3,,,,,2021.08.13_16.05.35.526
CE,3,,,,,2021.08.13_16.05.35.526
CE,3,,,,,2021.08.13_16.05.35.526
Servant,3,Avicebron,Caster,Normal,14833.51918,2021.08.13_16.05.35.526
Servant,3,Lubu,Berserker,Normal,12511.947,2021.08.13_16.05.35.526
Servant,3,WilliamTell,Archer,Normal,15008.19425,2021.08.13_16.05.35.526
Servant,3,Medea,Caster,Normal,14884.86193,2021.08.13_16.05.35.526
CE,4,,,,,2021.08.13_16.05.35.526
CE,3,,,,,2021.08.13_16.05.35.526
Servant,3,KidGil,Archer,Normal,12991.61884,2021.08.13_16.05.35.526
CE,3,,,,,2021.08.13_16.05.46.475
CE,4,,,,,2021.08.13_16.05.46.475
Servant,3,Caesar,Saber,Normal,15837.93024,2021.08.13_16.05.46.475
CE,3,,,,,2021.08.13_16.05.46.475
Servant,3,Boudica,Rider,Normal,14488.99894,2021.08.13_16.05.46.475
Servant,3,Hector,Lancer,Normal,12156.5229,2021.08.13_16.05.46.475
CE,3,,,,,2021.08.13_16.05.46.475
Servant,3,Geronimo,Caster,Normal,13781.35449,2021.08.13_16.05.46.475
CE,3,,,,,2021.08.13_16.05.46.475
Servant,3,Touda,Archer,Normal,15272.20382,2021.08.13_16.05.46.475
Servant,3,Kiyohime,Berserker,Normal,13599.45285,2021.08.13_16.05.46.475
CE,3,,,,,2021.08.13_16.05.56.376
CE,3,,,,,2021.08.13_16.05.56.376
CE,3,,,,,2021.08.13_16.05.56.376
CE,3,,,,,2021.08.13_16.05.56.376
CE,3,,,,,2021.08.13_16.05.56.376
CE,3,,,,,2021.08.13_16.05.56.376
CE,3,,,,,2021.08.13_16.05.56.376
CE,4,,,,,2021.08.13_16.05.56.376
Servant,3,Darius,Berserker,Normal,16193.1871,2021.08.13_16.05.56.376
CE,3,,,,,2021.08.13_16.05.56.376
CE,3,,,,,2021.08.13_16.05.56.376
Servant,3,BillyTheKid,Archer,Normal,12831.34768,2021.08.13_16.06.17.327
Servant,4,Fran,Berserker,Normal,14098.47696,2021.08.13_16.06.17.327
Servant,3,Mephistopheles,Caster,Normal,13716.89251,2021.08.13_16.06.17.327
CE,3,,,,,2021.08.13_16.06.17.327
Servant,3,GillesSaber,Saber,Normal,13191.6287,2021.08.13_16.06.17.327
CE,3,,,,,2021.08.13_16.06.17.327
Servant,3,Avicebron,Caster,Normal,16553.27995,2021.08.13_16.06.17.327
Servant,3,GillesSaber,Saber,Normal,15284.22952,2021.08.13_16.06.17.327
CE,4,,,,,2021.08.13_16.06.17.327
Servant,3,Kotarou,Assassin,Normal,14106.55961,2021.08.13_16.06.17.327
Servant,3,Avicebron,Caster,Normal,16998.74213,2021.08.13_16.06.17.327
CE,4,,,,,2021.08.13_16.06.31.607
CE,4,,,,,2021.08.13_16.06.31.607
Servant,3,CuProto,Lancer,Normal,13268.42744,2021.08.13_16.06.31.607
CE,5,,,,,2021.08.13_16.06.31.607
CE,3,,,,,2021.08.13_16.06.31.607
Servant,3,Euryale,Archer,Normal,16186.19618,2021.08.13_16.06.31.607
Servant,3,Alexander,Rider,Normal,14016.68667,2021.08.13_16.06.31.607
CE,3,,,,,2021.08.13_16.06.31.607
Servant,3,Jekyll,Assassin,Normal,15078.67995,2021.08.13_16.06.31.607
CE,3,,,,,2021.08.13_16.06.31.607
CE,5,,,,,2021.08.13_16.06.31.607
Servant,3,Jekyll,Assassin,Normal,14838.17812,2021.08.13_16.07.02.326
CE,3,,,,,2021.08.13_16.07.02.326
CE,4,,,,,2021.08.13_16.07.02.326
Servant,3,Medusa,Rider,Normal,14301.86005,2021.08.13_16.07.02.326
Servant,3,Robinhood,Archer,Normal,12554.38411,2021.08.13_16.07.02.326
CE,5,,,,,2021.08.13_16.07.02.326
CE,5,,,,,2021.08.13_16.07.02.326
CE,4,,,,,2021.08.13_16.07.02.326
CE,4,,,,,2021.08.13_16.07.02.326
Servant,3,Touda,Archer,Normal,15313.40778,2021.08.13_16.07.02.326
CE,3,,,,,2021.08.13_16.07.02.326
Servant,3,Hector,Lancer,Normal,13221.31483,2021.08.13_16.07.14.026
CE,4,,,,,2021.08.13_16.07.14.026
CE,3,,,,,2021.08.13_16.07.14.026
Servant,3,BillyTheKid,Archer,Normal,12716.94444,2021.08.13_16.07.14.026
CE,3,,,,,2021.08.13_16.07.14.026
CE,4,,,,,2021.08.13_16.07.14.026
CE,4,,,,,2021.08.13_16.07.14.026
Servant,3,CuProto,Lancer,Normal,13939.31116,2021.08.13_16.07.14.026
CE,3,,,,,2021.08.13_16.07.14.026
Servant,3,GillesSaber,Saber,Normal,15203.44145,2021.08.13_16.07.14.026
CE,3,,,,,2021.08.13_16.07.14.026
Servant,4,HessianLobo,Avenger,Normal,16353.55691,2021.08.13_16.07.24.741
Servant,3,Darius,Berserker,Normal,15073.28758,2021.08.13_16.07.24.741
CE,3,,,,,2021.08.13_16.07.24.741
CE,4,,,,,2021.08.13_16.07.24.741
CE,3,,,,,2021.08.13_16.07.24.741
Servant,3,Boudica,Rider,Normal,14312.93961,2021.08.13_16.07.24.741
CE,3,,,,,2021.08.13_16.07.24.741
Servant,3,Euryale,Archer,Normal,17673.81638,2021.08.13_16.07.24.741
CE,3,,,,,2021.08.13_16.07.24.741
Servant,3,Mandricardo,Rider,Normal,15981.03623,2021.08.13_16.07.24.741
Servant,3,Touda,Archer,Normal,14572.26942,2021.08.13_16.07.24.741
Servant,3,Jekyll,Assassin,Normal,14862.0014,2021.08.13_16.07.35.176
Servant,3,Mandricardo,Rider,Normal,14984.98053,2021.08.13_16.07.35.176
Servant,3,Lubu,Berserker,Normal,13414.31406,2021.08.13_16.07.35.176
CE,4,,,,,2021.08.13_16.07.35.176
CE,3,,,,,2021.08.13_16.07.35.176
CE,3,,,,,2021.08.13_16.07.35.176
Servant,3,Caesar,Saber,Normal,16371.22899,2021.08.13_16.07.35.176
Servant,3,BillyTheKid,Archer,Normal,13563.19483,2021.08.13_16.07.35.176
Servant,3,Jekyll,Assassin,Normal,15097.05082,2021.08.13_16.07.35.176
CE,3,,,,,2021.08.13_16.07.35.176
CE,3,,,,,2021.08.13_16.07.35.176
CE,5,,,,,2021.08.13_16.07.52.841
CE,3,,,,,2021.08.13_16.07.52.841
CE,3,,,,,2021.08.13_16.07.52.841
CE,5,,,,,2021.08.13_16.07.52.841
Servant,3,CuLancer,Lancer,Normal,13891.91473,2021.08.13_16.07.52.841
CE,3,,,,,2021.08.13_16.07.52.841
Servant,3,Medea,Caster,Normal,13969.09841,2021.08.13_16.07.52.841
CE,4,,,,,2021.08.13_16.07.52.841
Servant,3,Romulus,Lancer,Normal,14440.18725,2021.08.13_16.07.52.841
CE,3,,,,,2021.08.13_16.07.52.841
CE,3,,,,,2021.08.13_16.07.52.841
CE,3,,,,,2021.08.13_16.08.07.182
Servant,3,Darius,Berserker,Normal,15083.64169,2021.08.13_16.08.07.182
Servant,3,Euryale,Archer,Normal,17494.23415,2021.08.13_16.08.07.182
Servant,3,Touda,Archer,Normal,14348.88889,2021.08.13_16.08.07.182
Servant,3,Ushiwakamaru,Rider,Normal,13647.81101,2021.08.13_16.08.07.182
Servant,3,Avicebron,Caster,Normal,15053.35981,2021.08.13_16.08.07.182
Servant,3,BillyTheKid,Archer,Normal,12597.27531,2021.08.13_16.08.07.182
CE,3,,,,,2021.08.13_16.08.07.182
CE,3,,,,,2021.08.13_16.08.07.182
CE,4,,,,,2021.08.13_16.08.07.182
CE,4,,,,,2021.08.13_16.08.07.182
CE,3,,,,,2021.08.13_16.08.37.576
CE,3,,,,,2021.08.13_16.08.37.576
Servant,3,Geronimo,Caster,Normal,12995.74676,2021.08.13_16.08.37.576
Servant,3,Euryale,Archer,Normal,17515.38783,2021.08.13_16.08.37.576
Servant,3,David,Archer,Normal,12860.937,2021.08.13_16.08.37.576
CE,3,,,,,2021.08.13_16.08.37.576
CE,3,,,,,2021.08.13_16.08.37.576
Servant,3,HundredFaces,Assassin,Normal,14181.56585,2021.08.13_16.08.37.576
CE,4,,,,,2021.08.13_16.08.37.576
Servant,3,Babbage,Caster,Normal,13494.90507,2021.08.13_16.08.37.576
CE,4,,,,,2021.08.13_16.08.37.576
Servant,3,Ushiwakamaru,Rider,Normal,14696.8487,2021.08.13_16.08.53.791
CE,3,,,,,2021.08.13_16.08.53.791
Servant,3,Robinhood,Archer,Normal,13610.09879,2021.08.13_16.08.53.791
CE,3,,,,,2021.08.13_16.08.53.791
CE,3,,,,,2021.08.13_16.08.53.791
Servant,3,BillyTheKid,Archer,Normal,11639.71411,2021.08.13_16.08.53.791
CE,5,,,,,2021.08.13_16.08.53.791
CE,4,,,,,2021.08.13_16.08.53.791
CE,3,,,,,2021.08.13_16.08.53.791
CE,3,,,,,2021.08.13_16.08.53.791
Servant,3,Mephistopheles,Caster,Normal,14185.82705,2021.08.13_16.08.53.791
Servant,3,HundredFaces,Assassin,Normal,13609.73744,2021.08.13_16.09.12.268
CE,3,,,,,2021.08.13_16.09.12.268
CE,4,,,,,2021.08.13_16.09.12.268
CE,3,,,,,2021.08.13_16.09.12.268
CE,3,,,,,2021.08.13_16.09.12.268
Servant,3,Robinhood,Archer,Normal,12462.84807,2021.08.13_16.09.12.268
CE,5,,,,,2021.08.13_16.09.12.268
CE,3,,,,,2021.08.13_16.09.12.268
CE,5,,,,,2021.08.13_16.09.12.268
Servant,3,Inshun,Lancer,Normal,14522.54246,2021.08.13_16.09.12.268
CE,4,,,,,2021.08.13_16.09.12.268
Servant,4,Beowulf,Berserker,Normal,13587.38285,2021.08.13_16.09.38.158
Servant,3,Fergus,Saber,Normal,13682.33097,2021.08.13_16.09.38.158
CE,3,,,,,2021.08.13_16.09.38.158
Servant,3,Boudica,Rider,Normal,15317.10174,2021.08.13_16.09.38.158
Servant,3,Romulus,Lancer,Normal,12765.05019,2021.08.13_16.09.38.158
CE,3,,,,,2021.08.13_16.09.38.158
CE,4,,,,,2021.08.13_16.09.38.158
Servant,3,Paracelsus,Caster,Normal,15935.73271,2021.08.13_16.09.38.158
CE,3,,,,,2021.08.13_16.09.38.158
CE,4,,,,,2021.08.13_16.09.38.158
Servant,3,Paracelsus,Caster,Normal,15379.03585,2021.08.13_16.09.38.158
Servant,3,Euryale,Archer,Normal,17957.32179,2021.08.13_16.10.11.608
CE,5,,,,,2021.08.13_16.10.11.608
CE,4,,,,,2021.08.13_16.10.11.608
Servant,5,Bradamante,Lancer,Normal,14976.13502,2021.08.13_16.10.11.608
CE,4,,,,,2021.08.13_16.10.11.608
CE,3,,,,,2021.08.13_16.10.11.608
Servant,3,Kiyohime,Berserker,Normal,13407.29754,2021.08.13_16.10.11.608
CE,3,,,,,2021.08.13_16.10.11.608
Servant,3,HundredFaces,Assassin,Normal,14125.93527,2021.08.13_16.10.11.608
CE,3,,,,,2021.08.13_16.10.11.608
Servant,3,Boudica,Rider,Normal,15984.34063,2021.08.13_16.10.11.608
CE,4,,,,,2021.08.13_16.10.29.459
CE,3,,,,,2021.08.13_16.10.29.459
CE,4,,,,,2021.08.13_16.10.29.459
CE,3,,,,,2021.08.13_16.10.29.459
CE,4,,,,,2021.08.13_16.10.29.459
CE,4,,,,,2021.08.13_16.10.29.459
CE,3,,,,,2021.08.13_16.10.29.459
CE,4,,,,,2021.08.13_16.10.29.459
Servant,3,BillyTheKid,Archer,Normal,13188.23551,2021.08.13_16.10.29.459
CE,4,,,,,2021.08.13_16.10.29.459
Servant,3,Ushiwakamaru,Rider,Normal,15063.87101,2021.08.13_16.10.29.459
CE,3,,,,,2021.08.13_16.11.07.375
CE,4,,,,,2021.08.13_16.11.07.375
CE,3,,,,,2021.08.13_16.11.07.375
CE,3,,,,,2021.08.13_16.11.07.375
Servant,3,Inshun,Lancer,Normal,12774.13222,2021.08.13_16.11.07.375
CE,3,,,,,2021.08.13_16.11.07.375
CE,4,,,,,2021.08.13_16.11.07.375
CE,4,,,,,2021.08.13_16.11.07.375
CE,5,,,,,2021.08.13_16.11.07.375
CE,3,,,,,2021.08.13_16.11.07.375
Servant,4,Kiritsugu,Assassin,Normal,16013.37522,2021.08.13_16.11.07.375
CE,3,,,,,2021.08.13_16.11.22.626
CE,4,,,,,2021.08.13_16.11.22.626
Servant,3,Geronimo,Caster,Normal,13095.21493,2021.08.13_16.11.22.626
Servant,3,Avicebron,Caster,Normal,16101.41222,2021.08.13_16.11.22.626
CE,3,,,,,2021.08.13_16.11.22.626
CE,3,,,,,2021.08.13_16.11.22.626
CE,3,,,,,2021.08.13_16.11.22.626
Servant,3,Ushiwakamaru,Rider,Normal,15711.95411,2021.08.13_16.11.22.626
CE,3,,,,,2021.08.13_16.11.22.626
CE,3,,,,,2021.08.13_16.11.22.626
CE,4,,,,,2021.08.13_16.11.22.626
Servant,3,WilliamTell,Archer,Normal,15058.62638,2021.08.13_16.11.35.826
CE,4,,,,,2021.08.13_16.11.35.826
CE,3,,,,,2021.08.13_16.11.35.826
CE,4,,,,,2021.08.13_16.11.35.826
Servant,3,Paracelsus,Caster,Normal,13748.01739,2021.08.13_16.11.35.826
Servant,3,Diarmuid,Lancer,Normal,13125.28961,2021.08.13_16.11.35.826
Servant,3,Mephistopheles,Caster,Normal,13955.90184,2021.08.13_16.11.35.826
Servant,3,Inshun,Lancer,Normal,14548.84483,2021.08.13_16.11.35.826
CE,4,,,,,2021.08.13_16.11.35.826
CE,4,,,,,2021.08.13_16.11.35.826
CE,3,,,,,2021.08.13_16.11.35.826
CE,3,,,,,2021.08.13_16.11.48.542
CE,3,,,,,2021.08.13_16.11.48.542
Servant,3,Diarmuid,Lancer,Normal,13848.63604,2021.08.13_16.11.48.542
Servant,3,Kotarou,Assassin,Normal,13234.90541,2021.08.13_16.11.48.542
Servant,3,David,Archer,Normal,12984.88899,2021.08.13_16.11.48.542
CE,4,,,,,2021.08.13_16.11.48.542
Servant,4,Ibaraki,Berserker,Normal,14807.28391,2021.08.13_16.11.48.542
CE,3,,,,,2021.08.13_16.11.48.542
CE,3,,,,,2021.08.13_16.11.48.542
CE,3,,,,,2021.08.13_16.11.48.542
CE,5,,,,,2021.08.13_16.11.48.542
Servant,3,Mephistopheles,Caster,Normal,13847.97986,2021.08.13_16.12.02.710
CE,4,,,,,2021.08.13_16.12.02.710
Servant,3,Inshun,Lancer,Normal,13832.9085,2021.08.13_16.12.02.710
CE,3,,,,,2021.08.13_16.12.02.710
Servant,3,BillyTheKid,Archer,Normal,11813.28836,2021.08.13_16.12.02.710
Servant,3,KidGil,Archer,Normal,11868.05048,2021.08.13_16.12.02.710
Servant,3,CuProto,Lancer,Normal,13127.71454,2021.08.13_16.12.02.710
Servant,3,Boudica,Rider,Normal,16683.47106,2021.08.13_16.12.02.710
CE,3,,,,,2021.08.13_16.12.02.710
Servant,3,GillesSaber,Saber,Normal,15198.13488,2021.08.13_16.12.02.710
CE,4,,,,,2021.08.13_16.12.02.710
Servant,3,Kiyohime,Berserker,Normal,13593.8744,2021.08.13_16.12.14.263
CE,4,,,,,2021.08.13_16.12.14.263
CE,3,,,,,2021.08.13_16.12.14.263
CE,3,,,,,2021.08.13_16.12.14.263
CE,3,,,,,2021.08.13_16.12.14.263
CE,3,,,,,2021.08.13_16.12.14.263
CE,3,,,,,2021.08.13_16.12.14.263
CE,3,,,,,2021.08.13_16.12.14.263
CE,4,,,,,2021.08.13_16.12.14.263
Servant,5,Koyanskaya,Assassin,Limited,15321.67966,2021.08.13_16.12.14.263
CE,3,,,,,2021.08.13_16.12.14.263
CE,3,,,,,2021.08.13_16.12.26.491
Servant,3,Jekyll,Assassin,Normal,14479.56372,2021.08.13_16.12.26.491
CE,3,,,,,2021.08.13_16.12.26.491
CE,3,,,,,2021.08.13_16.12.26.491
Servant,4,YanQing,Assassin,Normal,13334.37531,2021.08.13_16.12.26.491
Servant,3,Kiyohime,Berserker,Normal,12612.17,2021.08.13_16.12.26.491
CE,4,,,,,2021.08.13_16.12.26.491
CE,4,,,,,2021.08.13_16.12.26.491
Servant,3,Diarmuid,Lancer,Normal,14736.96329,2021.08.13_16.12.26.491
Servant,3,Jekyll,Assassin,Normal,15419.34599,2021.08.13_16.12.26.491
CE,3,,,,,2021.08.13_16.12.26.491
Servant,3,David,Archer,Normal,14198.28029,2021.08.13_16.12.36.141
Servant,3,Boudica,Rider,Normal,15349.53662,2021.08.13_16.12.36.141
Servant,3,Geronimo,Caster,Normal,13056.32077,2021.08.13_16.12.36.141
CE,3,,,,,2021.08.13_16.12.36.141
CE,4,,,,,2021.08.13_16.12.36.141
CE,4,,,,,2021.08.13_16.12.36.141
Servant,3,Lubu,Berserker,Normal,13363.79715,2021.08.13_16.12.36.141
Servant,3,Jekyll,Assassin,Normal,15538.57812,2021.08.13_16.12.36.141
Servant,3,Jekyll,Assassin,Normal,15074.57575,2021.08.13_16.12.36.141
CE,3,,,,,2021.08.13_16.12.36.141
CE,3,,,,,2021.08.13_16.12.36.141
CE,5,,,,,2021.08.13_16.13.16.725
CE,3,,,,,2021.08.13_16.13.16.725
CE,4,,,,,2021.08.13_16.13.16.725
Servant,4,Chiron,Archer,Normal,11822.15353,2021.08.13_16.13.16.725
CE,3,,,,,2021.08.13_16.13.16.725
CE,5,,,,,2021.08.13_16.13.16.725
CE,3,,,,,2021.08.13_16.13.16.725
Servant,3,Serenity,Assassin,Normal,13369.86942,2021.08.13_16.13.16.725
Servant,3,Caesar,Saber,Normal,16702.10734,2021.08.13_16.13.16.725
Servant,5,Koyanskaya,Assassin,Limited,15323.57483,2021.08.13_16.13.16.725
CE,4,,,,,2021.08.13_16.13.16.725
Servant,3,Inshun,Lancer,Normal,13934.09483,2021.08.13_16.13.28.241
CE,3,,,,,2021.08.13_16.13.28.241
Servant,3,KidGil,Archer,Normal,12891.00671,2021.08.13_16.13.28.241
CE,3,,,,,2021.08.13_16.13.28.241
CE,4,,,,,2021.08.13_16.13.28.241
CE,3,,,,,2021.08.13_16.13.28.241
CE,3,,,,,2021.08.13_16.13.28.241
CE,4,,,,,2021.08.13_16.13.28.241
CE,4,,,,,2021.08.13_16.13.28.241
Servant,3,Touda,Archer,Normal,15279.99116,2021.08.13_16.13.28.241
Servant,3,Mandricardo,Rider,Normal,15679.52256,2021.08.13_16.13.28.241
CE,3,,,,,2021.08.13_16.13.38.676
Servant,3,WilliamTell,Archer,Normal,14696.15198,2021.08.13_16.13.38.676
Servant,3,Fergus,Saber,Normal,13697.35106,2021.08.13_16.13.38.676
CE,3,,,,,2021.08.13_16.13.38.676
Servant,3,Ushiwakamaru,Rider,Normal,13765.26763,2021.08.13_16.13.38.676
Servant,3,GillesSaber,Saber,Normal,13264.8101,2021.08.13_16.13.38.676
CE,4,,,,,2021.08.13_16.13.38.676
Servant,3,HundredFaces,Assassin,Normal,14379.68928,2021.08.13_16.13.38.676
Servant,3,Robinhood,Archer,Normal,13970.80768,2021.08.13_16.13.38.676
Servant,3,CuProto,Lancer,Normal,13816.45976,2021.08.13_16.13.38.676
CE,3,,,,,2021.08.13_16.13.38.676
CE,4,,,,,2021.08.13_16.13.54.593
Servant,3,Babbage,Caster,Normal,12310.02667,2021.08.13_16.13.54.593
Servant,3,Babbage,Caster,Normal,12707.9557,2021.08.13_16.13.54.593
CE,4,,,,,2021.08.13_16.13.54.593
Servant,3,Ushiwakamaru,Rider,Normal,13764.67527,2021.08.13_16.13.54.593
CE,4,,,,,2021.08.13_16.13.54.593
CE,4,,,,,2021.08.13_16.13.54.593
Servant,3,CuProto,Lancer,Normal,13931.23386,2021.08.13_16.13.54.593
CE,3,,,,,2021.08.13_16.13.54.593
Servant,3,BillyTheKid,Archer,Normal,13433.17309,2021.08.13_16.13.54.593
CE,4,,,,,2021.08.13_16.13.54.593
CE,4,,,,,2021.08.13_16.14.10.858
CE,3,,,,,2021.08.13_16.14.10.858
CE,3,,,,,2021.08.13_16.14.10.858
CE,3,,,,,2021.08.13_16.14.10.858
CE,5,,,,,2021.08.13_16.14.10.858
Servant,3,Lubu,Berserker,Normal,12525.29454,2021.08.13_16.14.10.858
CE,4,,,,,2021.08.13_16.14.10.858
CE,3,,,,,2021.08.13_16.14.10.858
CE,4,,,,,2021.08.13_16.14.10.858
CE,3,,,,,2021.08.13_16.14.10.858
Servant,3,David,Archer,Normal,14391.26169,2021.08.13_16.14.10.858
Servant,3,HundredFaces,,,,2021.08.13_16.17.00
CE,4,,,,,2021.08.13_16.17.00
Servant,3,Boudica,,,,2021.08.13_16.17.00
CE,4,,,,,2021.08.13_16.17.00
CE,3,,,,,2021.08.13_16.17.00
CE,3,,,,,2021.08.13_16.17.00
CE,3,,,,,2021.08.13_16.17.00
CE,4,,,,,2021.08.13_16.17.00
CE,4,,,,,2021.08.13_16.17.00
Servant,4,Siegfried,,,,2021.08.13_16.17.00
Servant,3,CuLancer,,,,2021.08.13_16.17.00
CE,3,,,,,2021.08.13_16.19.00
CE,3,,,,,2021.08.13_16.19.00
CE,3,,,,,2021.08.13_16.19.00
CE,3,,,,,2021.08.13_16.19.00
CE,4,,,,,2021.08.13_16.19.00
CE,3,,,,,2021.08.13_16.19.00
CE,4,,,,,2021.08.13_16.19.00
CE,4,,,,,2021.08.13_16.19.00
CE,3,,,,,2021.08.13_16.19.00
Servant,3,Caesar,,,,2021.08.13_16.19.00
CE,3,,,,,2021.08.13_16.19.00
CE,4,,,,,2021.08.13_16.21.00
CE,3,,,,,2021.08.13_16.21.00
CE,4,,,,,2021.08.13_16.21.00
Servant,3,Darius,,,,2021.08.13_16.21.00
Servant,3,Hector,,,,2021.08.13_16.21.00
CE,3,,,,,2021.08.13_16.21.00
Servant,3,Caesar,,,,2021.08.13_16.21.00
Servant,4,NurseryRhyme,,,,2021.08.13_16.21.00
Servant,3,Boudica,,,,2021.08.13_16.21.00
Servant,3,CuLancer,,,,2021.08.13_16.21.00
Servant,3,Hector,,,,2021.08.13_16.21.00
Servant,3,KidGil,,,,2021.08.13_16.25.00
Servant,3,Jekyll,,,,2021.08.13_16.25.00
CE,3,,,,,2021.08.13_16.25.00
CE,3,,,,,2021.08.13_16.25.00
CE,3,,,,,2021.08.13_16.25.00
Servant,3,Kotarou,,,,2021.08.13_16.25.00
Servant,3,Kiyohime,,,,2021.08.13_16.25.00
CE,3,,,,,2021.08.13_16.25.00
Servant,3,Paracelsus,,,,2021.08.13_16.25.00
CE,3,,,,,2021.08.13_16.25.00
Servant,3,Touda,,,,2021.08.13_16.25.00
Servant,3,Jingke,,,,2021.08.13_16.28.00
Servant,3,Boudica,,,,2021.08.13_16.28.00
Servant,3,David,,,,2021.08.13_16.28.00
Servant,3,CuProto,,,,2021.08.13_16.28.00
CE,3,,,,,2021.08.13_16.28.00
CE,4,,,,,2021.08.13_16.28.00
CE,3,,,,,2021.08.13_16.28.00
CE,5,,,,,2021.08.13_16.28.00
CE,3,,,,,2021.08.13_16.28.00
CE,4,,,,,2021.08.13_16.28.00
CE,3,,,,,2021.08.13_16.28.00
CE,3,,,,,2021.08.13_15.30.00
Servant,3,Robinhood,,,,2021.08.13_15.30.00
CE,3,,,,,2021.08.13_15.30.00
Servant,4,Stheno,,,,2021.08.13_15.30.00
CE,3,,,,,2021.08.13_15.30.00
CE,3,,,,,2021.08.13_15.30.00
CE,3,,,,,2021.08.13_15.30.00
CE,3,,,,,2021.08.13_15.30.00
CE,5,,,,,2021.08.13_15.30.00
Servant,3,Kiyohime,,,,2021.08.13_15.30.00
CE,3,,,,,2021.08.13_15.30.00
CE,4,,,,,2021.08.13_15.33.00
Servant,3,Jingke,,,,2021.08.13_15.33.00
Servant,4,Astraea,,,,2021.08.13_15.33.00
CE,3,,,,,2021.08.13_15.33.00
Servant,4,Stheno,,,,2021.08.13_15.33.00
